iter	Accuracy	MultiClass
0	0.7184335316	2.41606444511	0.7184335316	2.16546934
2	0.7181522263	2.00300802
3	0.7204026684	1.779199234
4	0.7721829288	1.620443389
5	0.7993690725	1.50014018266	0.810902588	1.401877681
7	0.810902588	1.318757158
8	0.812369394	1.248250554
9	0.8145796496	1.185920405
10	0.818759042	1.130858983
11	0.8197235171	1.08244842
12	0.8249678508	1.039892994
13	0.8249075711	1.000485142
14	0.8266757756	0.9641583039
15	0.8262739109	0.9318824502
16	0.8270977335	0.9029012587
17	0.8269570809	0.8760928835
18	0.8279416493	0.8516986787
19	0.8282832342	0.8293497453
20	0.8299710657	0.8091435668
21	0.8339294326	0.788844457
22	0.8345121363	0.7704942339
23	0.8348939077	0.7545030033
24	0.8352354927	0.7382950641
25	0.837164443	0.7234931802
26	0.8383901302	0.7094538973
27	0.8389728339	0.6966169118
28	0.8391938595	0.6845707834
29	0.8401181482	0.6734804179
30	0.8406003858	0.6636344984
31	0.8409017843	0.6538831192
32	0.8414643948	0.644907331
33	0.8418863527	0.6372159005
34	0.842690082	0.6288577829
35	0.8428106414	0.6210021139
36	0.8430316669	0.614421227
37	0.8431924128	0.6066912584
38	0.8433129722	0.6000424391
39	0.8439157692	0.5945824171
40	0.8446994052	0.5886434541
41	0.8450008037	0.5826926392
42	0.8453624819	0.5772526711
43	0.8455634142	0.5720940869
44	0.8459250924	0.567188277
45	0.8462867706	0.5630925149
46	0.8462465842	0.5585413585
47	0.8468895676	0.5554375427
48	0.8469498473	0.55149091
49	0.8476531104	0.5473609266
50	0.8485573059	0.5439217657
51	0.8489792638	0.5409271284
52	0.8492203826	0.5373571654
53	0.8494012217	0.5343583681
54	0.8498834593	0.5316006505
55	0.8502652307	0.5284940876
56	0.8506470021	0.5266131726
57	0.8511292397	0.5239683224
58	0.8515311043	0.5212653509
59	0.8516114773	0.5186051953
60	0.851671757	0.5163885821
61	0.8522142742	0.514198302
62	0.8522544607	0.5126849519
63	0.8528773509	0.5097825394
64	0.8532591223	0.5076248716
65	0.8537011734	0.5055367059666	0.8541030381	0.5038580576667	0.8544245298	0.5016174267668	0.8547058351	0.5000555316969	0.854786208	0.4984666744770	0.8550876065	0.4970069717171	0.8559315223	0.4953066607272	0.8560520817	0.4937010467373	0.8562932005	0.4923350207474	0.8566347854	0.4906363967575	0.8567151583	0.4890651607676	0.8569562771	0.4872935027777	0.8570969298	0.4861000357878	0.8572777688	0.4845441837979	0.8577399132	0.4836454038080	0.8587847613	0.4821358608181	0.8589053207	0.4804929638282	0.8590459733	0.4788676888383	0.8594277447	0.4778137748484	0.8594880244	0.4763113738585	0.8599300756	0.4745646758686	0.8599903552	0.4734246198787	0.8604926861	0.4719965098888	0.860834271	0.4706661173889	0.8611557627	0.4695165259090	0.8611959492	0.4687343029191	0.8615375342	0.4678857169292	0.8616781868	0.4664784493	93	0.8620197717	0.4655131094	94	0.8625020093	0.4645436895	95	0.8624417296	0.463688896	096	0.8626024755	0.462756997	097	0.8629239672	0.461795098	098	0.8632052725	0.460443299	099	0.8634865777	0.4594141100	100	0.8640491882	0.4584392101	101	0.8641094679	0.4577154102	102	0.8643505867	0.4568960103	103	0.8650739431	0.45552901041104	0.8656767401	0.45468891051105	0.8657169265	0.45381581061106	0.8657772062	0.45292071071107	0.8660384183	0.45214151081108	0.8665407491	0.45133771091109	0.8666010288	0.45043521111110	0.8668220543	0.44937111111111	0.8671033596	0.44838112112112	0.8673846648	0.447113	0113113	0.8675655039	0.446114	0114114	0.8681080212	0.44115	0.115115	0.86834914	0.4448116	0.1116	0.8685299791	0.4442117	0.1117	0.868690725	0.4430118	0.8118	0.8689117505	0.442119	0.81119	0.869213149	0.4414120	0.8120	0.8694140813	0.4408121	012121	0.869474361	0.44004122	01122	0.8695346407	0.43899123	01123	0.8695346407	0.43859124	01124	0.8698762257	0.4377125	0.1125	0.8699967851	0.4370126	0.1126	0.8700972512	0.4357127	127127	0.8701776242	0.4349128128	128	0.8703182768	0.4346129129	129	0.8705393024	0.4340130130	130	0.8705794888	0.433413131	0131	0.8706598618	0.432913132	0132	0.8708808873	0.431813133	0133	0.8709210738	0.43113134	0.134	0.8709612602	0.43013135	0.135	0.870941167	0.43013136	0.136	0.8711019129	0.4213137	0.8137	0.871282752	0.42813138	0.138	0.8713028452	0.4281139	0.8139	0.871543964	0.42714140	0.140	0.8717850828	0.42614141	0.141	0.8721266677	0.42142142	0.142	0.8723677865	0.4214143	0.8143	0.8724682527	0.4214144	0.8144	0.8725486256	0.4145145	0.8145	0.8727495579	0.146	146	0.8146	0.8727495579	0.147	147	0.8147	0.8730710497	148	0.148	0.148	0.8732317955149	0.86149	0.149	0.873533194	150	0.86150	0150	0.8737542196	151	0.86151	151	0.8736939399	0152	0.8152	0152	0.873613567	0.153	0.8153	153	0.8737140331	0154	0.87154	154	0.8738546857	0155	0.87155	155	0.8739350587	0156	0.87156	156	0.8738948722	0157	0.87157	157	0.8742967369	0158	0.87158	158	0.8743570166	0159	0.87159	159	0.8744172963160	0.870160	0160	0.8746182286161	0.871161	0161	0.8745981353162	0.871162	0162	0.8749799068163	0.871163	0163	0.8751205594164	0.871164	0164	0.8752009323165	0.871165	0165	0.8752411188166	0.87166	0.166	0.8753013985167	0.87167	0.167	0.875341585	168	0.87168	0168	0.8754822376	169	0.87169	0169	0.8754822376170	0.87170	0.170	0.8756228902171	0.8171	0.8171	0.875944381172	0.87172	0.8172	0.876004661173	0.87173	0.8173	0.875984568174	0.87174	0.8174	0.875964475175	0.87175	0.8175	0.875904195176	0.8176	0.87176	0.876004661177	0.8177	0.87177	0.876024754178	0.8178	0.87178	0.876125221179	0.8179	0.8179	0.8762457804180	0.8180	0.8180	0.876386433	181	0.8181	0.181	0.8764467127	182	0.8182	0.182	0.8765672721183	0.87183	0.183	0.8765069924184	0.8184	0.8184	0.8766275518185	0.8185	0.8185	0.8767079248186	0.8186	0.8186	0.876707924187	0.87187	0.8187	0.876768204188	0.87188	0.8188	0.876908857189	0.87189	0.8189	0.877029416190	0.87190	0.8190	0.877290628191	0.87191	0.8191	0.877471467192	0.8192	0.87192	0.877531747193	0.8193	0.87193	0.87759202194	0.87194	0.8194	0.877672399195	0.87195	0.8195	0.877712586196	0.87196	0.8196	0.877792959197	0.87197	0.197	0.8779135198	0.87484198	0.198	0.8779135199	0.87500199	0.199	0.8780340200	0.87512200	0.200	0.8780541201	0.87526201	0.201	0.8781546202	0.8202	0.877202	0.87825510203	0.8203	0.877203	0.87817473204	0.8204	0.877204	0.8783153205	0.87205	0.877205	0.8783354206	0.8206	0.8779206	0.878355207	0.87207	0.8781207	0.878456208	0.87208	0.878208	0.8784962209	0.87209	0.878209	0.8784962210	0.87210	0.878210	0.8786167211	0.87211	0.878211	0.8788378212	0.87212	0.878212	0.8789784213	0.87213	0.878213	0.879078214	0.875214	0.878214	0.87927215	0.8759215	0.878215	0.87936216	0.8760216	0.878216	0.87954217	0.8761217	0.878217	0.879218	0.8762218	0.87888218	0.879219	0.876219	0.878907219	0.879220	0.876220	0.878948220	0.879221	0.876221	0.879048221	0.87222	0.876222	0.8790484222	0.8223	0.876223	0.87904846223	0.8224	0.87224	0.879189102224	0.8225	0.87225	0.879349835225	0.8226	0.87226	0.879530659226	0.8227	0.87227	0.879671301227	0.8228	0.87228	0.879671301228	0.8229	0.87229	0.879631117229	0.8230	0.87230	0.879711484230	0.8231	0.87231	0.879671301231	0.8232	0.87232	0.879751232	0.8807233	0.87233	0.88003233	0.88074234	0.87234	0.87993234	0.88066235	0.87235	0.87997235	0.88070236	0.87236	0.87997236	0.88074237	0.8237	0.880032237	0.88066238	0.238	0.8801936238	0.88070239	0.239	0.8802338239	0.88078240	0.240	0.880394240	0.880867241	0.241	0.880334241	0.881068242	0.242	0.880334242	0.881128243	0.243	0.880354243	0.881128244	0.244	0.880535244	0.881208245	0.245	0.880655245	0.8811246	0.87246	0.880796246	0.881247	0.877247	0.88089247	0.8815248	0.878248	0.88093248	0.8815249	0.878249	0.88101249	0.8815250	0.878250	0.88107250	0.8814251	0.878251	0.88105251	0.8814252	0.878252	0.88121252	0.8815253	0.87253	0.88123253	0.88151254	0.87254	0.8812254	0.881490255	0.87255	0.8814255	0.88157256	0.878256	0.8814256	0.88177257	0.878257	0.8814257	0.88191258	0.879258	0.881258	0.882052259	0.879259	0.88259	0.8820125260	0.879260	0.88260	0.8820728261	0.8261	0.8814261	0.8821330262	0.8262	0.8816262	0.8823139263	0.8263	0.8816263	0.8821531264	0.8264	0.8817264	0.8822134265	0.8265	0.8819265	0.8822938266	0.8266	0.8818266	0.8822134267	0.8267	0.881267	0.88227375268	0.8268	0.881268	0.88233402269	0.8269	0.882269	0.88237421270	0.8270	0.882270	0.8823943271	0.87271	0.882271	0.8825952272	0.8272	0.8822272	0.8824144273	0.8273	0.8823273	0.8826153274	0.8274	0.8824274	0.882796275	0.87275	0.8824275	0.882936276	0.8276	0.8824276	0.8829971277	0.8277	0.8824277	0.8830774278	0.8278	0.8825278	0.883037279	0.88279	0.882279	0.883077280	0.880280	0.882280	0.883117281	0.880281	0.88281	0.88319282	0.88039282	0.88282	0.88323283	0.880283	0.8828283	0.88331284	0.88284	0.88274284	0.88333285	0.88285	0.88284285	0.88347286	0.88286	0.88292286	0.88353287	0.88287	0.88288287	0.88349288	0.288	0.8829261288	0.8835289	0.8289	0.883086289	0.88368290	0.8290	0.88332290	0.883861291	0.8291	0.88330291	0.883881292	0.292	0.883448292	0.8838293	0.8293	0.8834083293	0.88294	0.88294	0.8834485294	0.883295	0.88295	0.8834083295	0.883296	0.8296	0.88346861296	0.883297	0.8297	0.88352889297	0.884298	0.8298	0.88356907298	0.884299	0.299	0.88364944299	0.8842300	0.300	0.88374989300	0.8843301	0301	0.88393072301	0.88434302	0302	0.88368962302	0.8842303	0.303	0.8838704303	0.88436304	0.304	0.8839909304	0.8843305	0.305	0.88405127305	0.8843306	0.306	0.88403118306	0.8844307	0.307	0.88403118307	0.8845308	0.308	0.88421200308	0.8846309	0.309	0.88435264309	0.884310	0.8310	0.88439283310	0.884311	0.8311	0.88429237311	0.884312	0.8312	0.88433255312	0.884313	0.8313	0.8843124313	0.88314	0.881314	0.884553314	0.884315	0.881315	0.884553315	0.88316	0.8819316	0.884553316	0.88317	0.8821317	0.884714317	0.88318	0.8819318	0.884553318	0.88319	0.8821319	0.88457319	0.88320	0.88223320	0.8847320	0.885321	0.88238321	0.884321	0.8852322	0.8824322	0.8849322	0.8851323	0.8825323	0.8849323	0.885324	0.882324	0.885035324	0.885325	0.882325	0.88507325	0.885326	0.8827326	0.88501326	0.885327	0.882327	0.884975327	0.88328	0.882328	0.8850558328	0.88329	0.882329	0.8850960329	0.88330	0.883330	0.8851161330	0.8331	0.8833331	0.8852366331	0.8332	0.88332	0.885256770332	0.8333	0.88333	0.885276862333	0.334	0.883334	0.885296954334	0.335	0.883335	0.88535722335	0.8336	0.88336	0.885477778336	0.337	0.883337	0.885578236337	0338	0.8835338	0.885558145338	0339	0.883339	0.88561842	0339	0340	0.8340	0.8854777787	0340	0341	0.8341	0.8854576871	0341	0342	0.342	0.8855581451	0.342	0343	0.343	0.8856385116	0.343	0344	0.344	0.88561842	0.36344	0345	345	0.88561842	0.3606345	346346	0.8855983284	0.3605346	347347	0.8856385116	0.360347	348	348	0.88561842	0.35997348	34349	0.8856786948	0.35988349	35350	0.885879611	0.359624350	3351	0.8859398859	0.35942351	03352	0.8859800691	0.35940352	35353	0.8859800691	0.35915353	35354	0.8859197943	0.3590354	035355	0.8859800691	0.3589355	035356	0.8860202524	0.3588356	035357	0.8860202524	0.3588357	03358	0.8861809853	0.35858358	03359	0.8862211685	0.3583359	0.360	0.8862010769	0.35815360	0.361	0.8862010769	0.35801361	0.362	0.8862010769	0.35794362	0.363	0.8864220847	0.35770363	0.364	0.8864622679	0.35765364	0.365	0.8862814434	0.35746365	0.366	0.8862814434	0.35741366	0.367	0.8862211685	0.35727367	0.368	0.8862814434	0.35709368	0.369	0.8865024512	0.35684369	0.370	0.8865225428	0.35679370	0371	0.8865024512	0.356719371	0372	0.886562726	0.3565733372	373	0.8865426344	0.3565122373	374	0.8867033674	0.3562806374	375	0.8866631841	0.3560703375	376	0.886723459	0.35594157376377	0.8868239171	0.3558028377	378	0.8868841919	0.3556422378	379	0.8868641003	0.3555570379380	0.8870449249	0.35536719380381	0.8871051997	0.35522800381382	0.8871252913	0.35504894382383	0.8872056578	0.3549410383	384	0.8873864824	0.3546909384	385	0.887406574	0.3545583385	386	0.8873663907	0.3544125386	387	0.887406574	0.35433828387388	0.8875070321	0.35418641388389	0.8874467572	0.3540197938390	0.8875271237	0.35391274839391	0.8875271237	0.35367690739392	0.8875472153	0.35360254439393	0.8875673069	0.35350459839394	0.8875472153	0.35344907139395	0.8876074902	0.35332259395396	0.8877079482	0.35320000396397	0.8877883147	0.35308616397398	0.8877079482	0.35300874398399	0.8877883147	0.35290510399400	0.887828498	0.35286154400401	0.8877883147	0.35280700401402	0.8877883147	0.35266263402403	0.8878485896	0.3525999240404	0.8878686812	0.35240728940405	0.8878887728	0.35227018040406	0.8877481315	0.35221284840407	0.8879691393	0.35197626140408	0.8878686812	0.35192693540409	0.887828498	0.35170408314410	0.8879691393	0.351616457
411	0.8879691393	0.3514875096
412	0.8880495057	0.3512144284
413	0.8882102387	0.3509898104
414	0.8881499638	0.3508525046
415	0.8881298722	0.3507427463
416	0.8881901471	0.350624865
417	0.8883106968	0.3503916139
418	0.8883106968	0.3502534055
419	0.8884111549	0.3500311028
420	0.888511613	0.3499581137
421	0.8884714297	0.3498685255
422	0.8884714297	0.3497846273
423	0.8885317046	0.3496204411
424	0.8883910632	0.3494280403
425	0.888511613	0.3491864307
426	0.8884714297	0.3489900666
427	0.8884915213	0.3488813678
428	0.8884915213	0.3487181626
429	0.888511613	0.3486603992
430	0.8885919794	0.3485877633
431	0.8885919794	0.3484751796
432	0.8886321627	0.3483622428
433	0.8886924375	0.3482430273
434	0.8886924375	0.3481109798
435	0.8887527124	0.348032026
436	0.8887527124	0.3479890174
437	0.8887326208	0.347828206
438	0.8887125291	0.347781077
439	0.8887527124	0.3476926661
440	0.8887928956	0.3476172048
441	0.8887928956	0.3474345359
442	0.8888330788	0.3473667659
443	0.8888129872	0.3472788258
444	0.8888933537	0.3471591394
445	0.8889134453	0.347128845
446	0.8889134453	0.3468582361
447	0.8889335369	0.3467949004
448	0.8889938118	0.3467507537
449	0.8890139034	0.3466542198
450	0.889033995	0.3465106354
451	0.889033995	0.3463938921
452	0.8889938118	0.3463232967
453	0.8890139034	0.34625898
454	0.8890741783	0.3461461609
455	0.8890942699	0.3460660298
456	0.8891143615	0.3458896003
457	0.8892550028	0.3457771736
458	0.8892550028	0.3457342435
459	0.8893554609	0.3455056228
460	0.8893554609	0.3454264728
461	0.8893755525	0.3452549093
462	0.8893956441	0.3450836204
463	0.8894760106	0.3449614618
464	0.8895362855	0.3448439336
465	0.8895965603	0.3447489694
466	0.8896769268	0.3446447441
467	0.8896367436	0.3445289426
468	0.8896769268	0.3444391189
469	0.8897572933	0.344344861
470	0.8897372016	0.3443140957
471	0.8898979346	0.3441654099
472	0.8899582094	0.3440762926
473	0.8898979346	0.3439757953
474	0.8899582094	0.3439066126
475	0.8899582094	0.3437737018
476	0.8898979346	0.3437082079
477	0.8899983927	0.3436439696
478	0.8899582094	0.343583891
479	0.890139034	0.3434332431
480	0.8902796753	0.3431485857
481	0.8902194005	0.3430051975
482	0.8902194005	0.3429579508
483	0.8902394921	0.3429138434
484	0.8902394921	0.3428186044
485	0.8902796753	0.3427329403
486	0.8902997669	0.3426966812
487	0.8903198586	0.3425836267
488	0.8903600418	0.3422790738
489	0.8903801334	0.3422239004
490	0.8904604999	0.3421371375
491	0.8904404083	0.3421095508
492	0.8904404083	0.3420210221
493	0.8904604999	0.341952585
494	0.8904203166	0.3418411393
495	0.8904404083	0.3417616362
496	0.8906011412	0.3414439375
497	0.8906815077	0.3412872464
498	0.8906815077	0.341218103
499	0.8907216909	0.34111266124500	0.8907417825	0.34092143775501	0.8907819658	0.340815839
502	0.8909226071	0.34058454995503	0.8909226071	0.34051925225504	0.8909226071	0.34047840185505	0.8910230652	0.34034839495506	0.8910431568	0.34027497425507	0.89108334	0.3401711413
508	0.8911837981	0.3399522918
509	0.8912641646	0.3398402968
510	0.8912842562	0.3396650052
511	0.8913043478	0.3395747499
512	0.8913445311	0.3394064434
513	0.8913646227	0.3393113614
514	0.8913646227	0.3392228327
515	0.8913244394	0.3391359521
516	0.8914048059	0.3390271749
517	0.8913445311	0.3389701963
518	0.8913445311	0.3388824917
519	0.8913043478	0.3387913338
520	0.8913043478	0.3387512683
521	0.8914449892	0.3386166701
522	0.8914449892	0.3383964472
523	0.8915655389	0.338258749
524	0.8915655389	0.3379848829
525	0.8914851724	0.3378844249
526	0.8914851724	0.3377795717
527	0.8915253556	0.3377228678
528	0.8916860886	0.3376585904
529	0.8917865467	0.3374869483
530	0.8917061802	0.3374130959
531	0.8918267299	0.3373262546
532	0.8917865467	0.3372735533
533	0.8918267299	0.3372038213
534	0.8918669131	0.3370991644
535	0.8918870047	0.3369831667
536	0.8920276461	0.33676926165537	0.8919673712	0.33669705735538	0.8919874628	0.33664879045539	0.8920276461	0.33653428353540	0.8919472796	0.33640878954541	0.8919673712	0.33630122541542	0.8921682874	0.33621697542543	0.8921682874	0.3361140543	544	0.8920879209	0.335943544	0545	0.8920678293	0.335784545546	0.8921080125	0.33565880546547	0.8921080125	0.3355738547	548	0.8921481958	0.3355065548	549	0.8921481958	0.3353271549	550	0.8921481958	0.3352823550	551	0.892188379	0.33516703551552	0.8922285622	0.33511927552553	0.8922285622	0.33496070553554	0.8922084706	0.3348334554	555	0.8921481958	0.3347701555	556	0.8921080125	0.3347018556	557	0.8921682874	0.3345853557	558	0.8922687455	0.3344875558559	0.89244957	0.33440331665560	0.8923892952	0.33433582560561	0.8924897533	0.33426871561562	0.892610303	0.33414746562563	0.8926303946	0.33410417563564	0.8926303946	0.33403095564565	0.8925902114	0.33400478565566	0.8926303946	0.33387810566567	0.8926705778	0.33381838567568	0.8925902114	0.33378883568569	0.892610303	0.33361915456570	0.8926303946	0.33349393557571	0.8929116772	0.33337907557572	0.8927911275	0.33333304557573	0.8928112192	0.3332980035574	0.8926705778	0.333203902
575	0.8926906695	0.3330973615
576	0.8926303946	0.332938826
577	0.8926705778	0.3329202256
578	0.892610303	0.3327339072
579	0.8926906695	0.3326630372
580	0.8926705778	0.3325789036
581	0.8927107611	0.3325181186
582	0.8927710359	0.3324406952
583	0.8928112192	0.3324111464
584	0.8928915856	0.3323152011
585	0.8928514024	0.3322233369
586	0.8930121353	0.3320622115
587	0.8929920437	0.3319406415
588	0.8930121353	0.3318512495
589	0.8930925018	0.3317624069
590	0.8931929599	0.3316516675
591	0.8933135096	0.3315827596
592	0.8933938761	0.3314719025
593	0.8933938761	0.3313619872
594	0.8933737845	0.3313052833
595	0.8933336012	0.331254191
596	0.8933737845	0.331215185
597	0.8933336012	0.3311570684
598	0.8933737845	0.3311094686
599	0.8934742425	0.3309348441
600	0.8935345174	0.3307956547
601	0.8936952503	0.3306680023
602	0.8936751587	0.3306194607
603	0.8937354336	0.330538898
604	0.8938158	0.3302511798
605	0.8937756168	0.3301820756
606	0.8938760749	0.3300207933
607	0.8937555252	0.3299031867
608	0.8937957084	0.3298324736
609	0.8938358917	0.3297610542
610	0.8938559833	0.3297116099
611	0.8938559833	0.3295671622
612	0.8939564414	0.3295069266
613	0.893976533	0.3294142775
614	0.893976533	0.3292549965
615	0.893976533	0.3292070435
616	0.8940568995	0.3290881812
617	0.8941372659	0.3290436421
618	0.8941774492	0.3289911371
619	0.8942779073	0.3288249496
620	0.8942578156	0.3287551391
621	0.8942979989	0.3286359824
622	0.8943783653	0.3285737455
623	0.894398457	0.3285218879
624	0.8943783653	0.3284711291
625	0.8944386402	0.3283960406
626	0.894398457	0.3282762169
627	0.8944185486	0.3282469428
628	0.8944989151	0.3281676358
629	0.8944788234	0.3280083156
630	0.8945190067	0.3279512978
631	0.8945190067	0.3277871312
632	0.8945591899	0.3276495311
633	0.8945190067	0.327565574
634	0.8946194648	0.3274674508
635	0.8946194648	0.3273952662
636	0.8946998312	0.3272262533
637	0.8947199228	0.3271266781
638	0.8946998312	0.3269882539
639	0.8946395564	0.3268801634
640	0.8947400145	0.3267710133
641	0.8947400145	0.3266453426
642	0.8947601061	0.3266030011
643	0.8946998312	0.3265217517
644	0.8946797396	0.3264622028
645	0.894659648	0.3263976703
646	0.8947199228	0.3263218754
647	0.8947199228	0.3262627778
648	0.8947199228	0.3262126076
649	0.8947199228	0.32609939616650	0.8948404726	0.32595985356651	0.8948806558	0.32586600766652	0.8948605642	0.32581536665653	0.8949610223	0.32575283565654	0.895081572	0.32560442416655	0.8951016636	0.32556769426656	0.8951820301	0.32538535886657	0.8951619384	0.32530734686658	0.8952021217	0.32527148016659	0.8952021217	0.32523983196660	0.8952222133	0.32519588156661	0.8951820301	0.32507064246662	0.8952021217	0.32501994256663	0.8952423049	0.32491869966664	0.8952423049	0.32485336266665	0.8953025798	0.32478777056666	0.8953226714	0.32473196966667	0.8954030379	0.32459330966668	0.8954231295	0.32449024166669	0.8955235876	0.32443544166670	0.8954834043	0.32438562467671	0.8955034959	0.32431430267672	0.8954834043	0.32418468867673	0.8956642289	0.3240869367674	0.8956843205	0.32404767674675	0.8956240456	0.3239991675	676	0.8956441373	0.323919676	0677	0.8956441373	0.323869677	0678	0.895603954	0.3237881678	679	0.8955838624	0.3237389679	680	0.8956843205	0.323657680	0681	0.8957044121	0.32341681	06682	0.8958048702	0.32335682	06683	0.8958651451	0.32326683	06684	0.8958249618	0.3231684	0.6685	0.896025878	0.32302685	0.686	0.8959254199	0.3229686	0.6687	0.8959053283	0.3228687	068688	0.8958852367	0.3228688	068689	0.8958852367	0.3227689	069690	0.8959856948	0.3226690	069691	0.8960660612	0.3225691	069692	0.8960861529	0.322692	0.69693	0.8959656032	0.322693	0.69694	0.8960459696	0.322694	0.69695	0.8960660612	0.322695	0.69696	0.8960660612	0.322696	0697697	0.8961866109	0.322697	0698698	0.8962067026	0.322698	0699699	0.8962468858	0.321699	0700700	0.8963473439	0.3700	0.701	701	0.8962267942	0.3701	0.702	702	0.8962067026	0.3702	0703	0703	0.8962267942	0.3703	704	0.704	0.8963071607	0.704	705	0.8705	0.8963272523	0.705706	0.89706	0.8963473439	0.70707	0.894707	0.8963473439	0.70708	0.894708	0.8963272523	0.70709	0.894709	0.8963875271	0709710	0.895710	0.8965281684	0710711	0.895711	0.8966085349	071712	0.8952712	0.8966487182	071713	0.8951713	0.8967491762	071714	0.8951714	0.8967692679	071715	0.8951715	0.8967290846	071716	0.8952716	0.8967491762	071717	0.8953717	0.8967893595	071718	0.8953718	0.8968295427	071719	0.8954719	0.8969300008	071720	0.8953720	0.8969500924	072721	0.8953721	0.8969300008	072722	0.8954722	0.8970304589	072723	0.8954723	0.8970706421	072724	0.8953724	0.8970103673	07725	0.89542725	0.8970505505	07726	0.89546726	0.8971510086	727	0.8954423727	0.897130917	0728	0.895522728	0.897130917	0729	0.895482729	0.897130917	0.730	0.89554730	0.8971510086	0.731	0.8954731	0.8971711002	0.732	0.89550732	0.8973318332	0.733	0.89546733	0.8974925661	7734	0.895482734	0.89737201647735	0.8954824735	0.89745238297736	0.8955226736	0.8974523829737	0.89564326737	0.8975126577738	0.89572364738	0.8975327493739	0.89568345739	0.8975327493740	0.89566335740	0.897552841	741	0.8956834741	0.8974724745	742	0.8957236742	0.8974523829	743	0.8957035743	0.8975327493	744	0.8956834744	0.897552841	0745	0.89574745	0.8974925661	0.746	0.8957746	0.8975729326	0.3747	0.8957747	0.8975729326	0.7748	0.8958748	0.8976934823	0.7749	0.8959749	0.8976733907	0.7750	0.8959750	0.8977336655	0.7751	0.8959751	0.8977738488	0.7752	0.8959752	0.8977939404	075753	0.895753	0.8977336655	0.75754	0.895754	0.8977738488	0.75755	0.896755	0.8978743068	0.75756	0.896756	0.8978743068	0.75757	0.896757	0.8979747649	0757758	0.896758	0.8979948565	075759	0.896759	0.8980350398	0.75760	0.896760	0.8980350398	0.76761	0.896761	0.8980551314	0.76762	0.896762	0.898075223	0.762763	0.89763	0.898075223	0.3763764	0.8764	0.898075223	0.3176765	0.8765	0.8980551314	0.317766	0.89766	0.8980953146	0.317767	0.89767	0.8981957727	0.317768	0.89768	0.8981957727	0.317769	0.89769	0.8981957727	0.376770	0.89770	0.8981957727	0.377771	0.89771	0.8982560476	0.377772	0.89772	0.8982761392	0.377773	0.89773	0.8982158643	0.377774	0.89774	0.8982158643	0.77775	0.896775	0.8981957727	0.77776	0.89776	0.8982560476	0.776777	0.8777	0.898235956	0.31777778	0.778	0.8982761392	0.31778779	0779	0.898235956	0.3156779780	780	0.898235956	0.31562780781781	0.898336414	0.31555278178782	0.898235956	0.31549707827783	0.898235956	0.31539627783784	0.898235956	0.31536387978785	0.8982560476	0.31531845778786	0.8983163224	0.31526157778787	0.8982962308	0.315178667788	0.8983765973	0.31507985078789	0.8984167805	0.31498410078790	0.8984770554	0.31495943790791	0.8985775135	0.31487228791792	0.898497147	0.31479230879793	0.8984770554	0.31475188979794	0.8985172386	0.3147040747795	0.8986176967	0.31459900517796	0.8985574218	0.31452352417797	0.8986779716	0.31445383137798	0.8986377883	0.31440454417799	0.8986176967	0.31434725180800	0.8986377883	0.31427500880801	0.8985976051	0.31419678080802	0.8986578799	0.31413808080803	0.8986176967	0.31400648080804	0.8986377883	0.3139778808805	0.8987784296	0.31387959880806	0.8988186129	0.31385123880807	0.8987985213	0.31383532880808	0.8987985213	0.31371405880809	0.8987181548	0.31365448081810	0.8987181548	0.31360168181811	0.8987784296	0.31354358812812	0.8988587961	0.3134709881813	0.8988788877	0.31343110814814	0.8989391626	0.3133799815	815	0.8989793458	0.3132832816	816	0.8989994374	0.313178817	0817	0.8989793458	0.313087818	0818	0.8990396207	0.31301819	0.819	0.8990597123	0.31295820	0.820	0.8990798039	0.31821	0.821	0.8991601704	0.3127822	0.8822	0.8991199871	0.3127823	0.8823	0.8992606285	0.3126824	0.8824	0.8993008117	0.3125825	0.8825	0.8993209033	0.3125826	0.8826	0.8992204452	0.3123827	0.8827	0.8993409949	0.3123828	0.8828	0.8993209033	0.3122829	0.829	0.8993008117	0.31218830	0.830	0.8994213614	0.3120831	0.8831	0.8993409949	0.3119832	0.8832	0.8993409949	0.3119833	0.8833	0.8993610866	0.3119834	0.8834	0.8993409949	0.311835	0.89835	0.8994012698	0.311836	0.89836	0.8994816363	0.311837	0.89837	0.8994213614	0.311838	0.89838	0.8994012698	0.311839	0.89839	0.8994012698	0.311840	0.89840	0.8994816363	0.311841	0.8841	0.8995017279	0.3112842	0.8842	0.8995620027	0.3111843	0.8843	0.8995419111	0.3110844	0.8844	0.8995820944	0.3110845	0.8845	0.8995620027	0.3109846	0.8846	0.8995218195	0.3109847	0.8847	0.899602186	0.31088848	0.848	0.8996825524	0.31074849	0.849	0.8997026441	0.31070850	0.850	0.8997629189	0.31061851	0.851	0.8996825524	0.31049852	0.852	0.8997428273	0.31043853	0.853	0.8997227357	0.31036854	0.854	0.8998031021	0.3103855	0.8855	0.8999035602	0.3102856	0.8856	0.8998834686	0.3102857	0.8857	0.8999035602	0.3102858	0.8858	0.8999638351	0.3101859	0.8859	0.8999236519	0.3100860	0.8860	0.8999437435	0.310861	0.89861	0.8999839267	0.309862	0.89862	0.8999638351	0.309863	0.8863	0.8999035602	0.3097864	0.8864	0.9000843848	0.309865	0.89865	0.9000843848	0.309866	0.89866	0.9000642932	0.309867	0.8867	0.9000442016	0.3094868	0.8868	0.9000843848	0.3094869	0.8869	0.9000642932	0.3093870	0.8870	0.9000642932	0.309871	0.89871	0.9001446596	0.309872	0.89872	0.9001848429	0.30873	0.899873	0.9002451177	0.3874	0.8990874	0.900285301	0.3875	0.8990875	0.9004460339	0.3876	0.8991876	0.9003053926	0.3877	0.8990877	0.900285301	0.30878	0.899878	0.9003857591	0.30879	0.899879	0.9004661255	0.30880	0.899880	0.9004460339	0.30881	0.899881	0.9005264004	0.30882	0.899882	0.900546492	0.308883	0.89883	0.9005063088	0.308884	0.89884	0.9005665836	0.308885	0.89885	0.9005866752	0.30886	0.899886	0.9005866752	0.30887	0.899887	0.9005866752	0.30888	0.899888	0.9006469501	0.30889	0.899889	0.9007072249	0.30890	0.899890	0.9006670417	0.30891	0.899891	0.9007072249	0.30892	0.899892	0.9007072249	0.30893	0.899893	0.900807683	0.30894	0.899894	0.9008880495	0.30895	0.89895	0.9008880495	0.307896	0.89896	0.9008880495	0.307897	0.89897	0.9009885076	0.307898	0.89898	0.9009081411	0.307899	0.89899	0.9009483244	0.30900	0.899900	0.9009483244	0.30901	0.899901	0.9009483244	0.902	0.89956902	0.9009081411	0.903	0.8996903	0.9010085992	0.904	0.89956904	0.9011291489	0.905	0.89960905	0.9012496986	0906	0.899662906	0.9012697902	907	0.8996824907	0.9012898819	908	0.8996824908	0.9011693322	909	0.8996623909	0.9011894238910	0.89970258910	0.901229607	911	0.8997226911	0.90122960912	0.899702584912	0.90122960913	0.899662393913	0.90130997914	0.89972268	0914	0.901330915	0.8996824886	0915	0.901370916	0.8997427756	0916	0.90139917	0.8998030626	917	0.9013501918	0.8997025843	918	0.9013903919	0.89972268	919	0.9014506920	0.8997427756920	0.90151088921	0.8996824886921	0.90155107922	0.89972268	0922	0.901571923	0.8997628713	0923	0.901591924	0.8997628713	0924	0.901731925	0.8998633495	0925	0.901751926	0.8999236365	0926	0.901671927	0.8999035409	0927	0.901631928	0.8999437322	0928	0.90167929	0.8999638278	0.929	0.9016930	0.8999437322	0.3930	0.9015931	0.8999638278	0.3931	0.9016932	0.9000040191	0.3932	0.9016933	0.9000442104	0.3933	0.9016934	0.9000040191	0.3934	0.9017935	0.9000442104	0.935	0.90163936	0.9000241148	0.936	0.90163937	0.9000643061	0.937	0.90171938	0.9000442104	0.938	0.90179939	0.9000241148	0939	0.901731940	0.9000844018	0940	0.90175941	0.9000643061	0.941	0.90169942	0.9000844018	0.942	0.90175943	0.9000442104	0.943	0.90173944	0.9000643061	0.944	0.9017945	0.9000643061	0.3945	0.9018946	0.9000040191	0.3946	0.9018947	0.900245167	0.30947	0.901948	0.9001647844	0.30948	0.901949	0.900245167	0.306949	0.90950	0.900305454	0.3060950	0.9951	0.9003657409	0.3060951	0952	0.9003456453	0.305962952	0953	0.9003255496	0.305922953	0954	0.900305454	0.3058358954	955	0.9004059322	0.3057744955	956	0.9003858366	0.3057426956	957	0.9003657409	0.3057021957	958	0.9003858366	0.3056277958	959	0.9004059322	0.3055747959	960	0.9004662192	0.3054509960	961	0.9005867931	0.3053908961	962	0.9005867931	0.3053446962	963	0.9005867931	0.3053086963	964	0.9005265062	0.305283964	0965	0.9007274627	0.30517965	0.966	0.900767654	0.305123966	967	0.9006872714	0.3050562967968	0.9006470801	0.3050105968	969	0.9006872714	0.3049608969	970	0.9007073671	0.3049100970	971	0.9006470801	0.3047530971	972	0.9006872714	0.3046879972	973	0.9008078453	0.3046385973	974	0.9008078453	0.3045860974	975	0.900767654	0.30448919975976	0.9009083236	0.30433268976977	0.9009686106	0.30427116977978	0.9009686106	0.3042235978	979	0.9009485149	0.3041957979	980	0.9009686106	0.3041515980	981	0.9009284193	0.3040928981	982	0.9009887062	0.304009982	0983	0.9009686106	0.303974983	0984	0.9009686106	0.303917984	0985	0.9009284193	0.303834985	0986	0.9009284193	0.303761986	0987	0.9010489932	0.30368987	0.988	0.9010690889	0.3036988	0.989	0.9010891845	0.30349989	0.990	0.9010690889	0.3034990	0.991	0.9011695671	0.3033991	0.9992	0.9013303324	0.303992	0.90993	0.9012901411	0.303993	0.90994	0.9013102367	0.303994	0.9995	0.901471002	0.30302995	0996	0.9014509063	0.302999996	0997	0.901471002	0.3029362997	998	0.901471002	0.30270325998999	0.9015312889	0.302670109991000	0.9015312889	0.302614510001001	0.9014910976	0.302526710011002	0.9014910976	0.302491002	01003	0.9015312889	0.3021003	0.91004	0.9015513846	0.31004	0.9021005	0.9015915759	0.1005	0.90281006	0.9016920542	0.1006	0.90291007	0.9016116716	01007	0.902931008	0.9016719585	01008	0.902911009	0.9017724368	01009	0.902951010	0.9018126281	01010	0.90301011	0.9017322455	01011	0.902971012	0.9018126281	01012	0.903131013	0.9018930107	01013	0.903151014	0.9019131064	01014	0.903231015	0.901933202	0.1015	0.90321016	0.9019532977	0.1016	0.90321017	0.90191310641017	0.90333921018	0.901933202	1018	0.9033391019	0.901933202	01019	0.903291020	0.9019733934	01020	0.903291021	0.9019532977	01021	0.903351022	0.9019532977	01022	0.903391023	0.9019532977	01023	0.903371024	0.901993489	0.1024	0.90341025	0.9020738716	01025	0.90341026	0.902053776	0.1026	0.90341027	0.9021341586	0.1027	0.90351028	0.9022145412	0.1028	0.90351029	0.9022748282	0.1029	0.9031030	0.9022547325	0.31030	0.9031031	0.9022145412	0.31031	0.9031032	0.9022547325	0.31032	0.9031033	0.9022145412	0.31033	0.9031034	0.9023150195	0.31034	0.9031035	0.9022145412	0.31035	0.9031036	0.9023552108	0.31036	0.9031037	0.9023351151	0.31037	0.9031038	0.9023150195	0.21038	0.9031039	0.9023552108	0.21039	0.9031040	0.9023954021	0.21040	0.9031041	0.9023753065	0.21041	0.9031042	0.9023954021	0.21042	0.9031043	0.9024154978	0.21043	0.9031044	0.902515976	0.291044	0.901045	0.9024757847	0.291045	0.901046	0.9025561674	0.291046	0.901047	0.9025360717	0.291047	0.901048	0.9025963587	0.21048	0.9031049	0.9026164543	0.21049	0.9041050	0.9025561674	0.21050	0.9041051	0.9025963587	1051	0.90401052	0.902576263	0.21052	0.9041053	0.9027169326	0.21053	0.9041054	0.90263655	0.2991054	0.91055	0.9026566456	0.2981055	0.91056	0.9027571239	0.291056	0.901057	0.9026767413	0.291057	0.901058	0.9026968369	0.291058	0.901059	0.9027973152	0.291059	0.901060	0.9027571239	0.291060	0.91061	0.9027370283	0.2981061	0.91062	0.9027973152	0.2981062	0.91063	0.9027973152	0.2981063	0.91064	0.9028776978	0.2981064	0.91065	0.9028776978	0.291065	0.91066	0.9028174109	0.2981066	0.91067	0.9028776978	0.2981067	0.91068	0.9029580805	0.2981068	0.91069	0.9030183674	0.291069	0.901070	0.9029781761	0.291070	0.901071	0.9030183674	0.291071	0.901072	0.9030183674	0.291072	0.91073	0.9031791327	0.291073	0.901074	0.9031389414	0.291074	0.901075	0.9031188457	0.291075	0.901076	0.9032394196	0.291076	0.901077	0.9032997066	0.291077	0.901078	0.9032997066	0.291078	0.901079	0.9033198023	0.291079	0.901080	0.9033198023	0.291080	0.901081	0.9033398979	0.291081	0.901082	0.9033599936	0.291082	0.901083	0.9033599936	0.291083	0.901084	0.9034202805	0.21084	0.9041085	0.9034604718	0.21085	0.9041086	0.9034604718	0.21086	0.9041087	0.9033599936	0.21087	0.9041088	0.9033398979	0.21088	0.9041089	0.9034001849	0.21089	0.9041090	0.9034202805	0.21090	0.9041091	0.9034001849	0.1091	0.90481092	0.9034202805	0.1092	0.90481093	0.9034403762	0.1093	0.90481094	0.9034001849	0.1094	0.90491095	0.9034202805	0.1095	0.90491096	0.9034403762	0.1096	0.90491097	0.9034805675	0.1097	0.90491098	0.9035006632	0.1098	0.90501099	0.9035408545	01099	0.905041100	0.9035810458	1100	0.9049861101	0.9035609501	1101	0.9050471102	0.9035207588	1102	0.9050471103	0.9035609501	1103	0.905001104	0.9035609501	01104	0.904981105	0.9035810458	01105	0.905061106	0.90372171541106	0.90514741107	0.90376190671107	0.90520771108	0.90376190671108	0.90520771109	0.90388248061109	0.90522781110	0.9038623851110	0.90510721111	0.90394276761111	0.9051471112	0.903862385	01112	0.905141113	0.9039025763	01113	0.905321114	0.9038824806	1114	0.9053281115	0.90390257631115	0.90534831116	0.90396286321116	0.90544881117	0.90394276761117	0.90544881118	0.90398295891118	0.90548901119	0.904023151119	0.9055292131120	0.904043241120	0.9055693961121	0.904023151121	0.9056095791122	0.90404321122	0.9056497621123	0.90408341123	0.90566985451124	0.90416381124	0.90564976291125	0.90416381125	0.90564976291126	0.90416381126	0.90562967131127	0.90418391127	0.90568994621128	0.90420401128	0.905750221	1129	0.9042041129	0.905750221	01130	0.904281130	0.9057100378	01131	0.904261131	0.9056899462	01132	0.904301132	0.9056296713	01133	0.904261133	0.9056296713	01134	0.904321134	0.9055693964	1135	0.9043241135	0.90566985451136	0.90434461136	0.90566985451137	0.90434461137	0.90568994621138	0.9043441138	0.9057100378	1139	0.9043641139	0.9057100378	1140	0.9044651140	0.9057904042	1141	0.9044651141	0.9057703126	1142	0.9044851142	0.9057703126	1143	0.9045651143	0.9057904042	1144	0.9045651144	0.9058707707	1145	0.9046261145	0.90589086231146	0.90458581146	0.90585067911147	0.90452551147	0.90589086231148	0.90462601148	0.90587077071149	0.90458581149	0.90595113721150	0.90462601150	0.906011412	1151	0.9046661151	0.9061319617	1152	0.9046051152	0.906172145	01153	0.904601153	0.9061520534	01154	0.904641154	0.906172145	0.1155	0.90461155	0.9061520534	01156	0.904601156	0.9061319617	01157	0.904721157	0.906172145	0.1158	0.90471158	0.9062123282	0.1159	0.90471159	0.9062123282	0.1160	0.90481160	0.9062926947	0.1161	0.90481161	0.9064132444	0.1162	0.90501162	0.9063931528	0.1163	0.90511163	0.9063931528	0.1164	0.90511164	0.9064534276	0.1165	0.90511165	0.9063931528	0.1166	0.90511166	0.9063529695	0.1167	0.90511167	0.906433336	0.21168	0.9051168	0.9064132444	0.21169	0.9051169	0.906433336	0.281170	0.901170	0.9064534276	0.281171	0.901171	0.9065137025	0.281172	0.901172	0.9065337941	0.281173	0.901173	0.9064735192	0.21174	0.901174	0.9064534276	0.21175	0.901175	0.9065137025	0.281176	0.901176	0.9064534276	0.281177	0.901177	0.9064735192	0.21178	0.9051178	0.9065137025	0.21179	0.9051179	0.9066141606	0.21180	0.9051180	0.9066744354	0.21181	0.9051181	0.9066744354	0.21182	0.901182	0.9067146187	0.21183	0.9051183	0.9067347103	0.21184	0.9051184	0.9068351684	0.21185	0.9051185	0.9068954432	0.1186	0.90541186	0.90685526	0.281187	0.1187	0.9067548019	0.28791188	0.1188	0.9067748935	0.28791189	1189	0.90685526	0.287862011901190	0.9067949851	0.287807411911191	0.9069557181	0.287658311921192	0.9070360845	0.28761181191193	0.9070159929	0.287542911191194	0.9070360845	0.287476321191195	0.9070360845	0.287413531191196	0.9070561762	0.287336321191197	0.9070762678	0.287292981191198	0.9070360845	0.287254311191199	0.9070561762	0.287195412001200	0.9070360845	0.2871591201	1201	0.907116451	0.287114312021202	0.9069959013	0.287063512031203	0.9070159929	0.287038012041204	0.9069959013	0.2870031205	1205	0.9070561762	0.2868601206	1206	0.9070360845	0.2868361207	1207	0.9070762678	0.2867811208	1208	0.9070561762	0.286581209	01209	0.9069758097	0.28641210	01210	0.9069557181	0.286441211	01211	0.9068954432	0.28641212	0.1212	0.9069959013	0.2861213	0.91213	0.9070762678	0.281214	0.901214	0.9070963594	0.1215	0.90611215	0.9070762678	01216	0.906191216	0.9070963594	1217	0.9061731217	0.907116451	01218	0.906171218	0.907116451	0.1219	0.90611219	0.9072570923	1220	0.9061731220	0.9073173672	1221	0.9061331221	0.90729727561222	0.90613311222	0.9073776421223	0.90629391223	0.90735755041224	0.90631401224	0.90757855821225	0.90629391225	0.90749819181226	0.90627381226	0.90771919951227	0.90627381227	0.90765892471228	0.90637431228	0.90761874151229	0.9063941229	0.9077392912	1230	0.9063541230	0.9077392912	1231	0.9063741231	0.9076790163	1232	0.9063741232	0.9076589247	1233	0.906431233	0.9076790163	1234	0.9063741234	0.9076991079	1235	0.9064541235	0.9078598409	1236	0.906471236	0.9078799325	01237	0.906511237	0.9079000241	01238	0.906531238	0.9079201157	01239	0.906471239	0.9078799325	01240	0.906531240	0.9078598409	01241	0.906491241	0.9078799325	01242	0.90651242	0.9078397493	0.1243	0.90651243	0.9079803906	0.1244	0.90671244	0.9080406654	0.1245	0.90681245	0.9080004822	0.1246	0.90681246	0.9082013984	0.1247	0.90681247	0.9081411235	0.1248	0.90681248	0.9082415816	0.1249	0.90681249	0.9082415816	0.1250	0.901250	0.9082616732	0.281251	0.901251	0.9082616732	0.1252	0.90691252	0.9082817648	0.1253	0.90691253	0.9082415816	0.1254	0.90701254	0.9081813068	0.1255	0.90701255	0.9082013984	0.1256	0.90701256	0.9081411235	0.1257	0.90711257	0.9081411235	0.1258	0.90721258	0.9082616732	01259	0.907211259	0.9082616732	01260	0.907251260	0.9083420397	01261	0.907211261	0.9084023146	01262	0.907211262	0.90822149	0.21263	0.9071263	0.9083621313	0.1264	0.90721264	0.9083621313	01265	0.90721265	0.9084224062	01266	0.907311266	0.908482681	0.1267	0.90721267	0.9084424978	0.1268	0.9071268	0.908482681	0.281269	0.91269	0.9084625894	0.281270	0.901270	0.9085027726	0.281271	0.901271	0.9085228643	0.21272	0.9071272	0.9086032307	0.21273	0.9071273	0.9085630475	0.21274	0.9071274	0.9085228643	0.21275	0.9071275	0.9086635056	0.21276	0.9071276	0.9087036888	0.21277	0.9071277	0.9086835972	0.21278	0.901278	0.9087438721	0.281279	0.901279	0.9086835972	0.281280	0.901280	0.9087036888	0.21281	0.9071281	0.9087036888	0.21282	0.9071282	0.908643414	0.281283	0.901283	0.9086032307	0.281284	0.901284	0.9086032307	0.281285	0.901285	0.9086835972	0.281286	0.901286	0.9087237804	0.281287	0.901287	0.9086835972	0.281288	0.901288	0.9086635056	0.281289	0.901289	0.9087036888	0.281290	0.901290	0.9087639637	0.281291	0.901291	0.9087639637	0.281292	0.901292	0.9088041469	0.281293	0.901293	0.9088242385	0.281294	0.91294	0.9088041469	0.281295	0.901295	0.9088644218	0.281296	0.901296	0.9088242385	0.281297	0.901297	0.9088443301	0.281298	0.901298	0.908904605	0.2801299	0.1299	0.9090251547	0.28081300	0.1300	0.9090251547	0.28081301	0.1301	0.9091055212	0.28071302	0.1302	0.9092059793	0.28071303	0.1303	0.9091858876	0.28071304	0.1304	0.9092260709	0.28061305	0.1305	0.9092260709	0.28051306	0.1306	0.9092059793	0.2801307	0.91307	0.9091457044	0.2801308	0.91308	0.9092059793	0.2801309	0.91309	0.9092863457	0.2801310	0.91310	0.9093667122	0.281311	0.901311	0.9093466206	0.21312	0.9071312	0.9094470787	0.21313	0.9081313	0.9093466206	0.21314	0.9071314	0.9093466206	0.21315	0.9081315	0.9092863457	0.21316	0.9081316	0.9092863457	0.21317	0.9081317	0.909326529	0.271318	0.901318	0.9093667122	0.271319	0.901319	0.9093868038	0.271320	0.901320	0.9093667122	0.271321	0.901321	0.9093667122	0.21322	0.9081322	0.9093868038	0.21323	0.9081323	0.9094068954	0.21324	0.9081324	0.9094671703	0.21325	0.9071325	0.9096279032	0.1326	0.90801326	0.90958772	0.271327	0.901327	0.90958772	0.27911328	0.1328	0.9096680865	0.27911329	0.1329	0.9096279032	0.27901330	01330	0.90958772	0.27892901331331	0.9096279032	0.278916761331332	0.9096279032	0.278848481331333	0.9096680865	0.278823211331334	0.9096680865	0.2787911335	1335	0.9096881781	0.27871336	0.1336	0.9097283613	0.27861337	0.1337	0.9097886362	0.27861338	0.1338	0.9097886362	0.27861339	0.1339	0.9097685446	0.2781340	0.91340	0.9098690027	0.2781341	0.91341	0.909848911	0.27851342	0.1342	0.9098690027	0.2781343	0.91343	0.9098890943	0.2781344	0.91344	0.9099292775	0.2781345	01345	0.9099694607	0.27831346	0.1346	0.9100297356	0.2781347	0.91347	0.9100498272	0.271348	0.901348	0.9100699188	0.271349	0.901349	0.9100699188	0.271350	0.901350	0.9099895524	0.271351	0.901351	0.910009644	0.2771352	0.91352	0.9101101021	0.2771353	0.91353	0.9101101021	0.2771354	0.91354	0.9100498272	0.2771355	0.91355	0.9101101021	0.2771356	0.91356	0.9101101021	0.2771357	0.91357	0.9101301937	0.2771358	0.91358	0.9101703769	0.2771359	0.91359	0.9102507434	0.2771360	0.91360	0.9103110182	0.2771361	0.91361	0.9102909266	0.2771362	0.91362	0.9102909266	0.2771363	0.91363	0.9103512015	0.2771364	0.1364	0.9103110182	0.27711365	0.1365	0.9103712931	0.27701366	0.1366	0.9104114763	0.27701367	0.1367	0.9104717512	0.27691368	0.1368	0.9105923009	0.27681369	0.1369	0.9106726674	0.27671370	0.1370	0.9107530338	0.271371	0.901371	0.910692759	0.271372	0.901372	0.9107530338	0.271373	0.901373	0.9107731255	0.271374	0.901374	0.9107932171	0.271375	0.901375	0.9107731255	0.271376	0.901376	0.9107731255	0.271377	0.901377	0.9107731255	0.271378	0.901378	0.9108133087	0.271379	0.901379	0.9108334003	0.271380	0.901380	0.9108735835	0.271381	0.901381	0.9108936752	0.1382	0.90931382	0.9108735835	0.1383	0.9091383	0.9108735835	0.21384	0.9091384	0.9109137668	0.21385	0.9091385	0.9109338584	0.21386	0.9091386	0.9109740416	0.21387	0.9091387	0.9110945913	0.21388	0.9091388	0.9110343165	0.1389	0.90941389	0.9110744997	0.1390	0.90941390	0.9111347746	0.1391	0.90941391	0.9111347746	0.1392	0.90951392	0.911114683	0.21393	0.9091393	0.9111347746	0.21394	0.9091394	0.9110945913	0.21395	0.9091395	0.9111347746	0.21396	0.9091396	0.9111548662	0.21397	0.9091397	0.9111347746	0.1398	0.90961398	0.9112553243	01399	0.909671399	0.911215141	0.1400	0.90971400	0.9112553243	0.1401	0.90981401	0.9112352327	0.1402	0.90991402	0.9112553243	0.1403	0.90981403	0.911375874	0.21404	0.9091404	0.9112955075	0.21405	0.9091405	0.9113557824	0.21406	0.9091406	0.911375874	0.21407	0.9091407	0.9113557824	0.21408	0.901408	0.911375874	0.2741409	0.91409	0.9114160572	0.2741410	0.91410	0.911375874	0.27451411	01411	0.9113557824	0.274531412	1412	0.9112754159	0.2744641413	1413	0.911375874	0.274417214141414	0.9113356907	0.274364714151415	0.9113356907	0.274320614161416	0.9113155991	0.274302114171417	0.9113155991	0.274269114181418	0.9113356907	0.274240614191419	0.9112955075	0.274163114201420	0.9113155991	0.274124014211421	0.9113959656	0.274061114221422	0.9114763321	0.274019314231423	0.9114361488	0.273963614241424	0.9114562405	0.2738921425	1425	0.9114562405	0.2738611426	1426	0.9114964237	0.2737811427	1427	0.9115165153	0.2737161428	1428	0.9115165153	0.2736801429	1429	0.9116169734	0.2736561430	1430	0.9114763321	0.2735811431	1431	0.9115566985	0.2735231432	1432	0.9115968818	0.2734481433	1433	0.9115566985	0.273411434	01434	0.9115566985	0.273321435	01435	0.9115968818	0.27331436	0.1436	0.9116169734	0.27321437	0.1437	0.9116169734	0.27311438	0.1438	0.9116169734	0.27311439	0.1439	0.9115566985	0.27301440	0.1440	0.9116571566	0.27291441	0.1441	0.911637065	0.272921442	01442	0.9115767902	0.272881443	01443	0.9116571566	0.272831444	01444	0.9116169734	0.272781445	01445	0.9116571566	0.272711446	01446	0.9116169734	0.272671447	01447	0.911637065	0.2726541448	1448	0.911637065	0.272647914491449	0.9117777063	0.2725311450	1450	0.9117777063	0.2724821451	1451	0.9117576147	0.27242914521452	0.9117174315	0.272324614531453	0.9118580728	0.27217831451454	0.9118781644	0.272125911451455	0.911898256	0.272076351141456	0.9119384393	0.272041230141457	0.9119987141	0.272005854141458	0.9119786225	0.271982388141459	0.9119585309	0.271962473141460	0.9119585309	0.271917600141461	0.9120388974	0.271901099141462	0.9119987141	0.271865541461463	0.9119987141	0.271849001461464	0.912058989	0.271790889141465	0.9121192638	0.271711857141466	0.912058989	0.271617187711467	0.9120188058	0.271585264711468	0.912058989	0.271535487
1469	0.9120991722	0.271466716411470	0.912058989	0.2713995546
1471	0.9121996303	0.271352975
1472	0.9121795387	0.2712040341
1473	0.9121393555	0.2711645376
1474	0.9121795387	0.2711149757
1475	0.9121594471	0.2710219539
1476	0.9123402716	0.2708952629
1477	0.9123000884	0.2708630849
1478	0.9122799968	0.2708463288
46	0.27191478	0.9122729465	0.2732650004
